{"cameraMode":{"drawMode":0,"name":"Shaded","section":"Shading Mode"},"sceneLighting":false,"audioPlay":false,"sceneViewState":{"m_AlwaysRefresh":false,"showFog":true,"showSkybox":false,"showFlares":true,"showImageEffects":true,"showParticleSystems":true,"showVisualEffectGraphs":true,"m_FxEnabled":true},"in2DMode":false,"pivot":{"x":0.5990561246871948,"y":-0.19521024823188783,"z":0.26678991317749026},"rotation":{"x":0.42620816826820376,"y":-0.41031116247177126,"z":0.22596783936023713,"w":0.7739076018333435},"size":1.3214788436889649,"orthographic":false}