{"cameraMode":{"drawMode":0,"name":"Shaded","section":"Shading Mode"},"sceneLighting":false,"audioPlay":false,"sceneViewState":{"m_AlwaysRefresh":false,"showFog":true,"showSkybox":false,"showFlares":true,"showImageEffects":true,"showParticleSystems":true,"showVisualEffectGraphs":true,"m_FxEnabled":true},"in2DMode":false,"pivot":{"x":-0.050393104553222659,"y":0.4372861087322235,"z":0.1142762303352356},"rotation":{"x":-0.03509903326630592,"y":-0.8133769035339356,"z":-0.04935809597373009,"w":0.5785893797874451},"size":2.837414503097534,"orthographic":false}