{"cameraMode":{"drawMode":0,"name":"Shaded","section":"Shading Mode"},"sceneLighting":true,"audioPlay":false,"sceneViewState":{"m_AlwaysRefresh":false,"showFog":true,"showSkybox":true,"showFlares":true,"showImageEffects":true,"showParticleSystems":true,"showVisualEffectGraphs":true,"m_FxEnabled":true},"in2DMode":false,"pivot":{"x":-5.589351204093873e-10,"y":0.008277416229248047,"z":-3.6702196837268278e-11},"rotation":{"x":0.06725981086492539,"y":0.8507744669914246,"z":-0.11243942379951477,"w":0.508952260017395},"size":7.1749982833862309,"orthographic":false}