{"cameraMode":{"drawMode":0,"name":"Shaded","section":"Shading Mode"},"sceneLighting":false,"audioPlay":false,"sceneViewState":{"m_AlwaysRefresh":false,"showFog":true,"showSkybox":false,"showFlares":true,"showImageEffects":true,"showParticleSystems":true,"showVisualEffectGraphs":true,"m_FxEnabled":true},"in2DMode":false,"pivot":{"x":0.9056996703147888,"y":0.8918917179107666,"z":-0.0662534311413765},"rotation":{"x":0.04204363748431206,"y":-0.6859569549560547,"z":0.03975925222039223,"w":0.7253390550613403},"size":0.4542941451072693,"orthographic":false}